age,credit_capacity,monthly_income,debt_ratio,num_open_accounts,loan_duration,installment_rate,late_payment_score,recent_payment_amount,credit_utilization,target
21,1049,58.27777777777778,0.4,1,18,4,4,58.27777777777778,0.05693660442591529,1
36,2799,311.0,0.2,2,9,2,4,311.0,0.15192140685237074,1
23,841,70.08333333333333,0.2,1,12,2,2,70.08333333333333,0.04564698219465659,1
39,2122,176.83333333333334,0.3,2,12,3,4,176.83333333333334,0.11517585757082198,1
38,2171,180.91666666666666,0.4,2,12,4,4,180.91666666666666,0.11783543203876273,1
48,2241,224.1,0.1,2,10,1,4,224.1,0.12163482413582095,1
39,3398,424.75,0.1,2,8,1,4,424.75,0.1844333477971975,1
40,1361,226.83333333333334,0.2,1,6,2,4,226.83333333333334,0.07387103777280335,1
65,1098,61.0,0.4,2,18,4,4,61.0,0.059596178893856044,1
23,3758,156.58333333333334,0.1,1,24,1,2,156.58333333333334,0.20397307858206834,1
36,3905,355.0,0.2,2,11,2,4,355.0,0.2119518019858906,1
24,6187,206.23333333333332,0.1,2,30,1,4,206.23333333333332,0.3358119843499885,1
31,1957,326.1666666666667,0.1,1,6,1,4,326.1666666666667,0.10622014762775618,1
31,7582,157.95833333333334,0.2,1,48,2,3,157.95833333333334,0.411528441141363,1
23,1936,107.55555555555556,0.2,2,18,2,2,107.55555555555556,0.10508032999863871,1
44,2647,441.1666666666667,0.2,1,6,2,2,441.1666666666667,0.1436712982987586,1
40,3939,358.09090909090907,0.1,2,11,1,4,358.09090909090907,0.21379722100446172,1
25,3213,178.5,0.1,1,18,1,2,178.5,0.1743920972549722,1
36,2337,64.91666666666667,0.4,1,36,4,4,64.91666666666667,0.1268454190117865,1
39,7228,657.0909090909091,0.1,2,11,1,4,657.0909090909091,0.39231437253623996,1
37,3676,612.6666666666666,0.1,3,6,1,4,612.6666666666666,0.1995223621255144,1
49,3124,260.3333333333333,0.1,2,12,1,4,260.3333333333333,0.16956144158871247,1
33,2384,66.22222222222223,0.4,1,36,4,2,66.22222222222223,0.1293964394198113,0
26,1424,118.66666666666667,0.4,1,12,4,4,118.66666666666667,0.07729049066015575,1
44,4716,786.0,0.1,2,6,1,4,786.0,0.25597047328180794,1
51,4771,433.72727272727275,0.2,1,11,2,3,433.72727272727275,0.2589557099294965,1
24,652,54.333333333333336,0.4,1,12,4,2,54.333333333333336,0.0353886235325994,1
37,1154,128.22222222222223,0.2,3,9,2,4,128.22222222222223,0.06263569257150262,1
29,3556,237.06666666666666,0.3,1,15,3,2,237.06666666666666,0.19300911853055747,1
56,4796,114.19047619047619,0.4,1,42,4,4,114.19047619047619,0.2603126356784459,1
47,3017,100.56666666666666,0.4,1,30,4,4,100.56666666666666,0.1637537993832092,1
37,3535,98.19444444444444,0.4,2,36,4,4,98.19444444444444,0.19186930090144,1
34,6614,183.72222222222223,0.4,2,36,4,4,183.72222222222223,0.3589882761420436,1
28,1376,57.333333333333336,0.4,1,24,4,2,57.333333333333336,0.07468519322217297,1
36,1721,114.73333333333333,0.2,1,15,2,2,114.73333333333333,0.09341076855767419,1
39,860,143.33333333333334,0.1,2,6,1,4,143.33333333333334,0.04667824576385811,1
38,1495,124.58333333333333,0.4,2,12,4,4,124.58333333333333,0.08114415978717195,1
26,1934,161.16666666666666,0.2,2,12,2,4,161.16666666666666,0.10497177593872277,1
31,3378,187.66666666666666,0.2,1,18,2,2,187.66666666666666,0.183347807198038,1
41,3868,161.16666666666666,0.4,2,24,4,4,161.16666666666666,0.20994355187744554,1
23,996,83.0,0.4,2,12,4,4,83.0,0.05405992183814264,1
58,1755,73.125,0.4,1,24,4,2,73.125,0.09525618757624532,1
36,1028,57.111111111111114,0.4,2,18,4,4,57.111111111111114,0.05579678679679783,1
34,2825,117.70833333333333,0.4,2,24,4,4,117.70833333333333,0.15333260963127807,1
61,1239,68.83333333333333,0.4,1,18,4,2,68.83333333333333,0.06724924011793046,1
23,1216,67.55555555555556,0.4,1,18,4,2,67.55555555555556,0.06600086842889705,0
25,1258,52.416666666666664,0.4,1,24,4,2,52.416666666666664,0.06828050368713197,1
30,1864,103.55555555555556,0.4,2,18,4,4,103.55555555555556,0.10117238384166455,0
33,1474,61.416666666666664,0.4,1,24,4,2,61.416666666666664,0.08000434215805448,1
26,1382,57.583333333333336,0.4,2,24,4,4,57.583333333333336,0.07501085540192082,1
49,640,53.333333333333336,0.4,1,12,4,2,53.333333333333336,0.034737299173103704,1
23,3919,108.86111111111111,0.2,1,36,2,2,108.86111111111111,0.21271168040530222,1
30,1224,136.0,0.3,2,9,3,4,136.0,0.06643508466856084,1
49,2331,194.25,0.1,1,12,1,4,194.25,0.12651975683203864,1
41,6313,263.0416666666667,0.3,1,24,3,2,263.0416666666667,0.3426508901246933,1
58,385,32.083333333333336,0.4,4,12,4,4,32.083333333333336,0.0208966565338202,1
63,1655,137.91666666666666,0.2,2,12,2,4,137.91666666666666,0.08982848458044787,1
27,1053,70.2,0.4,1,15,4,2,70.2,0.05715371254574719,1
41,3160,150.47619047619048,0.4,1,21,4,2,150.47619047619048,0.17151541466719955,1
36,3079,85.52777777777777,0.4,1,36,4,2,85.52777777777777,0.16711897524060362,1
44,1163,96.91666666666667,0.4,1,12,4,4,96.91666666666667,0.06312418584112439,1
29,2679,111.625,0.4,1,24,4,2,111.625,0.1454081632574138,1
47,3578,74.54166666666667,0.4,1,48,4,4,74.54166666666667,0.1942032131896329,1
45,10875,302.0833333333333,0.2,2,36,2,3,302.0833333333333,0.5902627007929732,1
43,1344,112.0,0.4,2,12,4,3,112.0,0.07294832826351778,1
27,1237,206.16666666666666,0.1,2,6,1,4,206.16666666666666,0.0671406860580145,1
52,3077,256.4166666666667,0.2,1,12,2,2,256.4166666666667,0.16701042118068765,1
28,2284,95.16666666666667,0.4,1,24,4,2,95.16666666666667,0.12396873642401385,1
22,1567,130.58333333333334,0.1,1,12,1,2,130.58333333333334,0.08505210594414611,1
60,2032,84.66666666666667,0.4,2,24,4,3,84.66666666666667,0.11029092487460426,1
32,2745,130.71428571428572,0.3,2,21,3,4,130.71428571428572,0.1489904472346401,1
58,1867,62.233333333333334,0.4,1,30,4,2,62.233333333333334,0.10133521493153846,1
39,2299,63.861111111111114,0.4,1,36,4,2,63.861111111111114,0.12478289187338347,1
31,929,38.708333333333336,0.4,1,24,4,2,38.708333333333336,0.05042336083095835,1
37,3399,283.25,0.2,1,12,2,2,283.25,0.18448762482715547,1
24,2030,225.55555555555554,0.2,1,9,2,2,225.55555555555554,0.11018237081468832,1
36,3275,155.95238095238096,0.1,1,21,1,4,155.95238095238096,0.1777572731123666,1
60,1940,80.83333333333333,0.4,1,24,4,4,80.83333333333333,0.10529743811847062,1
30,1602,76.28571428571429,0.4,2,21,4,4,76.28571428571429,0.08695180199267522,1
35,1979,131.93333333333334,0.4,1,15,4,2,131.93333333333334,0.10741424228683162,1
37,2022,84.25,0.4,1,24,4,4,84.25,0.10974815457502453,1
51,3342,92.83333333333333,0.4,1,36,4,4,92.83333333333333,0.18139383411955093,1
30,5866,325.8888888888889,0.2,2,18,2,2,325.8888888888889,0.31838905773347864,1
36,2360,157.33333333333334,0.2,1,15,2,4,157.33333333333334,0.12809379070081992,1
63,1520,101.33333333333333,0.4,1,15,4,4,101.33333333333333,0.0825010855361213,1
31,3651,304.25,0.1,1,12,1,2,304.25,0.19816543637656506,1
35,2346,97.75,0.4,2,24,4,4,97.75,0.12733391228140828,1
34,4454,123.72222222222223,0.4,2,36,4,3,123.72222222222223,0.2417498914328186,1
39,666,111.0,0.3,2,6,3,4,111.0,0.036148501952011046,1
42,1965,81.875,0.4,2,24,4,3,81.875,0.10665436386741997,1
27,1995,166.25,0.4,1,12,4,4,166.25,0.10828267476615921,1
25,2991,99.7,0.2,1,30,2,2,99.7,0.16234259660430186,1
28,4221,140.7,0.2,2,30,2,0,140.7,0.22910334345261055,1
59,1364,151.55555555555554,0.3,1,9,3,2,151.55555555555554,0.07403386886267728,1
41,6361,353.3888888888889,0.2,1,18,2,4,353.3888888888889,0.34525618756267606,1
32,4526,167.62962962962962,0.4,2,27,4,4,167.62962962962962,0.2456578375897928,1
23,3573,297.75,0.1,1,12,1,4,297.75,0.19393182803984305,1
30,4455,123.75,0.2,2,36,2,3,123.75,0.24180416846277658,0
25,2136,237.33333333333334,0.3,1,9,3,2,237.33333333333334,0.11593573599023362,1
41,5954,141.76190476190476,0.2,2,42,2,4,141.76190476190476,0.3231654363697804,1
40,3777,157.375,0.4,1,24,4,4,157.375,0.20500434215126984,1
22,806,53.733333333333334,0.4,1,15,4,2,53.733333333333334,0.04374728614612748,1
34,4712,196.33333333333334,0.4,2,24,4,3,196.33333333333334,0.25575336516197605,1
54,7432,206.44444444444446,0.2,1,36,2,3,206.44444444444446,0.4033868866476668,1
33,1851,77.125,0.4,2,24,4,4,77.125,0.10046678245221087,1
31,1393,58.041666666666664,0.2,1,24,2,2,58.041666666666664,0.07560790273145854,1
29,1412,117.66666666666667,0.4,2,12,4,4,117.66666666666667,0.07663916630066005,1
39,1473,81.83333333333333,0.3,1,18,3,2,81.83333333333333,0.0799500651280965,1
38,1533,63.875,0.4,1,24,4,2,63.875,0.08320668692557497,1
61,2012,167.66666666666666,0.4,1,12,4,4,167.66666666666666,0.10920538427544478,1
29,3959,263.93333333333334,0.3,1,15,3,2,263.93333333333334,0.21488276160362121,0
49,428,71.33333333333333,0.2,1,6,2,2,71.33333333333333,0.023230568822013103,1
36,2366,197.16666666666666,0.3,1,12,3,4,197.16666666666666,0.12841945288056777,1
26,763,63.583333333333336,0.4,1,12,4,2,63.583333333333336,0.041413373857934574,1
35,3976,189.33333333333334,0.2,1,21,2,2,189.33333333333334,0.21580547111290677,1
28,6260,347.77777777777777,0.3,1,18,3,2,347.77777777777777,0.3397742075369206,1
35,1919,213.22222222222223,0.4,1,9,4,4,213.22222222222223,0.10415762048935315,1
28,2603,108.45833333333333,0.2,1,24,2,2,108.45833333333333,0.14128310898060772,1
52,936,104.0,0.4,2,9,4,4,104.0,0.05080330004066417,1
32,3062,127.58333333333333,0.4,1,24,4,2,127.58333333333333,0.16619626573131804,1
30,4795,133.19444444444446,0.4,1,36,4,2,133.19444444444446,0.26025835864848795,1
35,5842,162.27777777777777,0.2,2,36,2,4,162.27777777777777,0.31708640901448726,1
30,2063,343.8333333333333,0.4,1,6,4,2,343.8333333333333,0.11197351280330148,1
43,1459,97.26666666666667,0.4,1,15,4,4,97.26666666666667,0.07919018670868486,1
47,1213,80.86666666666666,0.4,1,15,4,2,80.86666666666666,0.06583803733902312,1
47,5103,212.625,0.3,3,24,3,4,212.625,0.2769756838755441,1
24,874,58.266666666666666,0.4,1,15,4,2,58.266666666666666,0.04743812418326975,1
32,2978,496.3333333333333,0.1,1,6,1,2,496.3333333333333,0.16163699521484817,1
30,1820,101.11111111111111,0.2,1,18,2,2,101.11111111111111,0.09878419452351367,1
36,2872,119.66666666666667,0.3,1,24,3,4,119.66666666666667,0.1558836300393029,1
26,1925,80.20833333333333,0.2,1,24,2,2,80.20833333333333,0.104483282669101,1
43,2515,139.72222222222223,0.3,1,18,3,2,139.72222222222223,0.13650673034430597,1
41,2116,352.6666666666667,0.2,1,6,2,2,352.6666666666667,0.11485019539107413,1
26,1453,80.72222222222223,0.3,1,18,3,2,80.72222222222223,0.07886452452893701,1
64,1364,136.4,0.2,1,10,2,2,136.4,0.07403386886267728,1
33,1543,257.1666666666667,0.4,1,6,4,2,257.1666666666667,0.08374945722515471,1
54,1318,109.83333333333333,0.4,1,12,4,2,109.83333333333333,0.07153712548461044,1
32,2325,96.875,0.2,1,24,2,1,96.875,0.1261940946522908,1
39,932,155.33333333333334,0.1,2,6,1,4,155.33333333333334,0.050586191920832274,1
31,3148,131.16666666666666,0.3,2,24,3,4,131.16666666666666,0.17086409030770386,1
45,3835,106.52777777777777,0.2,1,36,2,2,106.52777777777777,0.20815240988883238,1
64,3832,425.77777777777777,0.1,1,9,1,2,425.77777777777777,0.20798957879895844,1
42,5084,211.83333333333334,0.2,1,24,2,2,211.83333333333334,0.2759444203063426,1
31,2406,267.3333333333333,0.2,1,9,2,4,267.3333333333333,0.13059053407888674,1
25,2394,66.5,0.4,1,36,4,2,66.5,0.12993920971939105,1
46,2476,117.9047619047619,0.4,1,21,4,2,117.9047619047619,0.13438992617594497,1
49,2964,123.5,0.4,1,24,4,2,123.5,0.16087711679543654,1
49,1262,105.16666666666667,0.2,1,12,2,2,105.16666666666667,0.06849761180696387,1
36,1542,128.5,0.2,1,12,2,2,128.5,0.08369518019519674,1
48,1743,72.625,0.4,2,24,4,4,72.625,0.09460486321674963,1
42,409,34.083333333333336,0.3,2,12,3,1,34.083333333333336,0.022199305252811587,1
29,2171,180.91666666666666,0.2,1,12,2,2,180.91666666666666,0.11783543203876273,1
35,8858,184.54166666666666,0.2,2,48,2,4,184.54166666666666,0.4807859313677385,1
38,3512,146.33333333333334,0.2,2,24,2,2,146.33333333333334,0.1906209292124066,1
26,1158,96.5,0.3,1,12,3,2,96.5,0.06285280069133452,1
35,2684,111.83333333333333,0.4,2,24,4,4,111.83333333333333,0.14567954840720368,1
23,1498,124.83333333333333,0.4,1,12,4,2,124.83333333333333,0.08130699087704586,1
38,5954,198.46666666666667,0.3,1,30,3,4,198.46666666666667,0.3231654363697804,1
59,6416,133.66666666666666,0.4,1,48,4,1,133.66666666666666,0.34824142421036464,0
28,3617,301.4166666666667,0.1,3,12,1,4,301.4166666666667,0.19632001735799393,1
35,1291,107.58333333333333,0.4,2,12,4,4,107.58333333333333,0.07007164567574513,1
36,1275,53.125,0.2,2,24,2,4,53.125,0.06920321319641753,1
25,3972,165.5,0.2,1,24,2,2,165.5,0.21558836299307488,1
28,3343,222.86666666666667,0.4,1,15,4,4,222.86666666666667,0.1814481111495089,1
23,392,26.133333333333333,0.4,1,15,4,2,26.133333333333333,0.02127659574352602,1
48,2134,237.11111111111111,0.4,3,9,4,4,237.11111111111111,0.11582718193031767,1
25,5771,192.36666666666667,0.4,2,30,4,4,192.36666666666667,0.3132327398874711,1
74,4526,188.58333333333334,0.3,1,24,3,4,188.58333333333334,0.2456578375897928,1
24,2788,185.86666666666667,0.2,2,15,2,4,185.86666666666667,0.15132435952283302,1
28,1382,230.33333333333334,0.1,2,6,1,4,230.33333333333334,0.07501085540192082,1
24,5848,162.44444444444446,0.4,1,36,4,2,162.44444444444446,0.31741207119423515,1
24,1228,102.33333333333333,0.4,1,12,4,2,102.33333333333333,0.06665219278839274,0
23,1297,108.08333333333333,0.3,1,12,3,2,108.08333333333333,0.07039730785549297,1
32,1552,64.66666666666667,0.3,1,24,3,2,64.66666666666667,0.08423795049477649,1
31,1963,163.58333333333334,0.4,2,12,4,2,163.58333333333334,0.10654580980750403,1
36,3235,134.79166666666666,0.3,1,24,3,2,134.79166666666666,0.17558619191404765,1
27,4139,172.45833333333334,0.3,2,24,3,4,172.45833333333334,0.22465262699605662,1
44,1804,150.33333333333334,0.3,1,12,3,4,150.33333333333334,0.09791576204418607,1
34,1950,108.33333333333333,0.4,2,18,4,2,108.33333333333333,0.10584020841805035,1
37,12749,265.6041666666667,0.4,1,48,4,3,265.6041666666667,0.6919778549342174,1
23,1236,137.33333333333334,0.1,1,9,1,2,137.33333333333334,0.06708640902805653,1
30,1055,58.611111111111114,0.4,2,18,4,4,58.611111111111114,0.057262266605663144,1
25,8072,269.06666666666666,0.2,3,30,2,0,269.06666666666666,0.4381241858207705,1
33,2831,94.36666666666666,0.4,1,30,4,4,94.36666666666666,0.15365827181102593,1
27,1449,161.0,0.3,2,9,3,2,161.0,0.07864741640910511,1
31,5742,159.5,0.2,2,36,2,2,159.5,0.31165870601868984,1
50,2390,199.16666666666666,0.4,1,12,4,2,199.16666666666666,0.12972210159955916,1
31,3430,142.91666666666666,0.3,1,24,3,2,142.91666666666666,0.1861702127558527,1
32,2273,63.138888888888886,0.3,2,36,3,2,63.138888888888886,0.12337168909447613,1
28,2923,139.1904761904762,0.1,1,21,1,2,139.1904761904762,0.15865175856715957,1
29,1901,79.20833333333333,0.4,1,24,4,2,79.20833333333333,0.10318063395010961,1
27,3711,103.08333333333333,0.2,1,36,2,2,103.08333333333333,0.20142205817404352,1
24,8487,176.8125,0.1,1,48,1,2,176.8125,0.46064915325332995,1
54,2255,93.95833333333333,0.4,1,24,4,2,93.95833333333333,0.12239470255523259,1
25,1262,105.16666666666667,0.3,1,12,3,2,105.16666666666667,0.06849761180696387,1
35,7253,219.78787878787878,0.3,2,33,3,4,219.78787878787878,0.3936712982851894,1
45,6761,1126.8333333333333,0.1,2,6,1,4,1126.8333333333333,0.36696699954586587,1
28,1817,100.94444444444444,0.4,2,18,4,4,100.94444444444444,0.09862136343363974,1
35,2141,178.41666666666666,0.3,1,12,3,2,178.41666666666666,0.11620712114002349,1
27,3609,75.1875,0.1,1,48,1,1,75.1875,0.19588580111833012,1
30,2333,77.76666666666667,0.4,1,30,4,2,77.76666666666667,0.12662831089195462,1
40,7824,279.42857142857144,0.3,2,28,3,1,279.42857142857144,0.42466348239119284,1
49,1445,80.27777777777777,0.4,1,18,4,1,80.27777777777777,0.0784303082892732,1
30,7721,321.7083333333333,0.1,1,24,1,2,321.7083333333333,0.41907294830552144,1
24,3763,179.1904761904762,0.2,1,21,2,2,179.1904761904762,0.2042444637318582,1
33,4439,246.61111111111111,0.1,1,18,1,2,246.61111111111111,0.240935735983449,1
20,1107,92.25,0.2,1,12,2,2,92.25,0.06008467216347782,1
23,1444,96.26666666666667,0.4,1,15,4,2,96.26666666666667,0.07837603125931523,1
36,12169,253.52083333333334,0.4,1,48,4,1,253.52083333333334,0.6604971775585922,1
35,2753,305.8888888888889,0.3,1,9,3,2,305.8888888888889,0.14942466347430391,1
29,1494,373.5,0.1,1,4,1,2,373.5,0.08108988275721396,1
22,2828,117.83333333333333,0.4,1,24,4,1,117.83333333333333,0.153495440721152,1
22,2483,103.45833333333333,0.4,1,24,4,1,103.45833333333333,0.13476986538565078,1
74,1299,216.5,0.1,3,6,1,4,216.5,0.07050586191540893,1
35,1549,172.11111111111111,0.4,1,9,4,2,172.11111111111111,0.08407511940490256,1
37,3949,394.9,0.1,1,10,1,2,394.9,0.21433999130404147,1
31,2901,290.1,0.1,1,10,1,2,290.1,0.15745766390808413,1
27,709,118.16666666666667,0.2,1,6,2,2,118.16666666666667,0.038482414240203947,1
35,10722,228.12765957446808,0.1,1,47,1,2,228.12765957446808,0.581958315209403,1
45,1287,128.7,0.4,1,10,4,2,128.7,0.06985453755591324,1
36,1940,107.77777777777777,0.3,1,18,3,1,107.77777777777777,0.10529743811847062,1
49,3656,121.86666666666666,0.4,2,30,4,4,121.86666666666666,0.19843682152635492,1
35,4679,194.95833333333334,0.3,2,24,3,3,194.95833333333334,0.25396222317336287,1
27,8613,319.0,0.2,2,27,2,3,319.0,0.46748805902803475,1
28,2659,147.72222222222223,0.4,1,18,4,2,147.72222222222223,0.1443226226582543,1
43,1516,63.166666666666664,0.4,2,24,4,4,63.166666666666664,0.0822839774162894,1
35,4380,243.33333333333334,0.3,1,18,3,2,243.33333333333334,0.23773339121592849,1
27,802,57.285714285714285,0.4,2,14,4,3,57.285714285714285,0.04353017802629558,1
36,1572,74.85714285714286,0.4,1,21,4,2,74.85714285714286,0.08532349109393599,1
30,3566,74.29166666666667,0.4,1,48,4,1,74.29166666666667,0.19355188883013721,1
36,1278,53.25,0.4,1,24,4,2,53.25,0.06936604428629146,1
39,426,71.0,0.4,1,6,4,0,71.0,0.023122014762097156,1
45,8588,220.2051282051282,0.4,1,39,4,2,220.2051282051282,0.46613113327908534,1
40,3857,128.56666666666666,0.4,1,30,4,2,128.56666666666666,0.20934650454790782,1
25,685,57.083333333333336,0.2,1,12,2,2,57.083333333333336,0.03717976552121256,0
55,1603,66.79166666666667,0.4,1,24,4,2,66.79166666666667,0.08700607902263319,1
50,2241,106.71428571428571,0.4,2,21,4,2,106.71428571428571,0.12163482413582095,1
64,2384,99.33333333333333,0.4,1,24,4,2,99.33333333333333,0.1293964394198113,1
23,601,150.25,0.1,1,4,1,2,150.25,0.0326204950047427,1
24,2569,65.87179487179488,0.4,1,39,4,2,65.87179487179488,0.1394376899620366,1
47,1316,87.73333333333333,0.2,2,15,2,4,87.73333333333333,0.0714285714246945,1
42,10366,172.76666666666668,0.2,1,60,2,2,172.76666666666668,0.5626356925443641,1
24,1568,87.11111111111111,0.3,1,18,3,2,87.11111111111111,0.08510638297410408,1
32,629,34.94444444444444,0.4,2,18,4,4,34.94444444444444,0.034140251843565984,1
45,1750,291.6666666666667,0.2,1,6,2,1,291.6666666666667,0.09498480242645545,1
23,3488,145.33333333333334,0.3,1,24,3,2,145.33333333333334,0.1893182804934152,1
24,1800,100.0,0.4,2,18,4,4,100.0,0.09769865392435417,1
35,4151,172.95833333333334,0.2,2,24,2,3,172.95833333333334,0.2253039513555523,1
25,2631,175.4,0.3,1,15,3,2,175.4,0.14280286581943102,1
26,5248,249.9047619047619,0.1,1,21,1,2,249.9047619047619,0.2848458532194504,1
43,2899,161.05555555555554,0.4,1,18,4,3,161.05555555555554,0.1573491098481682,1
44,6204,344.6666666666667,0.2,1,18,2,3,344.6666666666667,0.33673469385927407,1
38,804,67.0,0.4,1,12,4,2,67.0,0.04363873208621153,1
28,3595,99.86111111111111,0.4,1,36,4,2,99.86111111111111,0.19512592269891849,1
38,5711,158.63888888888889,0.4,2,36,4,4,158.63888888888889,0.3099761180899926,1
26,2687,179.13333333333333,0.2,1,15,2,2,179.13333333333333,0.1458423794970776,1
27,3643,242.86666666666667,0.1,2,15,1,3,242.86666666666667,0.19773122013690125,1
23,2146,214.6,0.1,2,10,1,4,214.6,0.11647850628981336,1
52,2315,231.5,0.3,1,10,3,2,231.5,0.12565132435271106,1
74,3448,689.6,0.1,1,5,1,2,689.6,0.1871471992950962,1
27,2708,180.53333333333333,0.2,2,15,2,2,180.53333333333333,0.14698219712619506,1
35,1393,126.63636363636364,0.4,2,11,4,4,126.63636363636364,0.07560790273145854,1
23,1275,127.5,0.4,1,10,4,2,127.5,0.06920321319641753,1
20,1313,145.88888888888889,0.1,1,9,1,2,145.88888888888889,0.07126574033482057,1
34,1493,124.41666666666667,0.4,1,12,4,2,124.41666666666667,0.08103560572725599,1
40,2675,121.5909090909091,0.3,1,22,3,2,121.5909090909091,0.1451910551375819,1
37,2118,235.33333333333334,0.2,1,9,2,2,235.33333333333334,0.11495874945099008,1
36,909,25.25,0.4,1,36,4,2,25.25,0.049337820231798855,1
22,1258,104.83333333333333,0.2,2,12,2,4,104.83333333333333,0.06828050368713197,1
34,1569,104.6,0.4,1,15,4,1,104.6,0.08516066000406206,1
50,1236,206.0,0.2,1,6,2,2,206.0,0.06708640902805653,1
40,7678,213.27777777777777,0.2,2,36,2,3,213.27777777777777,0.41673903601732853,1
23,660,110.0,0.2,1,6,2,2,110.0,0.0358228397722632,1
53,2835,118.125,0.3,1,24,3,2,118.125,0.15387537993085781,1
35,2670,111.25,0.4,1,24,4,2,111.25,0.14491966998779202,1
35,3447,287.25,0.4,1,12,4,1,287.25,0.18709292226513824,1
54,3568,237.86666666666667,0.4,1,15,4,2,237.86666666666667,0.19366044289005316,1
27,3652,173.9047619047619,0.2,2,21,2,4,173.9047619047619,0.19821971340652303,1
28,3660,152.5,0.2,1,24,2,2,152.5,0.19865392964618683,1
49,1126,125.11111111111111,0.2,1,9,2,2,125.11111111111111,0.06111593573267934,1
29,683,113.83333333333333,0.2,1,6,2,3,113.83333333333333,0.03707121146129661,1
46,2251,187.58333333333334,0.1,1,12,1,2,187.58333333333334,0.12217759443540069,1
20,4675,389.5833333333333,0.1,1,12,1,2,389.5833333333333,0.253745115053531,1
47,2353,112.04761904761905,0.1,2,21,1,3,112.04761904761905,0.12771385149111408,1
29,3357,159.85714285714286,0.4,1,21,4,2,159.85714285714286,0.18220798956892054,1
54,672,112.0,0.1,1,6,1,2,112.0,0.03647416413175889,1
52,338,56.333333333333336,0.4,2,6,4,4,56.333333333333336,0.018345636125795393,1
32,2697,299.6666666666667,0.1,1,9,1,2,299.6666666666667,0.14638514979665734,1
51,2507,278.55555555555554,0.2,1,9,2,2,278.55555555555554,0.13607251410464216,1
33,1478,98.53333333333333,0.4,2,15,4,3,98.53333333333333,0.08022145027788637,1
37,3565,297.0833333333333,0.2,2,12,2,4,297.0833333333333,0.19349761180017924,1
20,2221,148.06666666666666,0.2,1,15,2,2,148.06666666666666,0.12054928353666146,1
34,1898,316.3333333333333,0.1,2,6,1,4,316.3333333333333,0.10301780286023568,1
31,1449,241.5,0.1,2,6,1,3,241.5,0.07864741640910511,1
30,960,64.0,0.3,2,15,3,3,64.0,0.05210594875965556,1
30,8133,225.91666666666666,0.1,1,36,1,2,225.91666666666666,0.44143508464820697,1
22,2301,255.66666666666666,0.2,1,9,2,2,255.66666666666666,0.12489144593329941,1
34,1743,290.5,0.1,2,6,1,3,290.5,0.09460486321674963,1
19,983,81.91666666666667,0.1,1,12,1,2,81.91666666666667,0.05335432044868897,1
34,2320,128.88888888888889,0.2,2,18,2,3,128.88888888888889,0.12592270950250092,1
45,339,28.25,0.4,1,12,4,1,28.25,0.01839991315575337,1
25,5152,214.66666666666666,0.4,1,24,4,2,214.66666666666666,0.27963525834348485,1
26,3749,156.20833333333334,0.2,1,24,2,2,156.20833333333334,0.20348458531244656,1
33,3074,341.55555555555554,0.1,2,9,1,4,341.55555555555554,0.16684759009081374,1
28,745,82.77777777777777,0.3,1,9,3,2,82.77777777777777,0.040436387318691036,0
41,1469,61.208333333333336,0.4,1,24,4,2,61.208333333333336,0.0797329570082646,1
36,1374,229.0,0.1,1,6,1,2,229.0,0.07457663916225701,1
26,783,130.5,0.1,1,6,1,1,130.5,0.04249891445709406,1
28,2606,124.0952380952381,0.4,1,21,4,2,124.0952380952381,0.14144594007048167,1
39,9436,174.74074074074073,0.2,1,54,2,0,174.74074074074073,0.5121580546834478,1
65,930,77.5,0.4,4,12,4,4,77.5,0.05047763786091632,1
38,2751,57.3125,0.4,2,48,4,4,57.3125,0.14931610941438797,1
41,250,41.666666666666664,0.2,2,6,2,4,41.666666666666664,0.013569257489493636,1
26,1201,50.041666666666664,0.4,1,24,4,2,50.041666666666664,0.06518671297952743,1
41,662,110.33333333333333,0.3,1,6,3,2,110.33333333333333,0.035931393832179144,1
45,1300,86.66666666666667,0.4,1,15,4,2,86.66666666666667,0.0705601389453669,1
40,1559,64.95833333333333,0.4,1,24,4,1,64.95833333333333,0.08461788970448231,1
24,3016,251.33333333333334,0.3,1,12,3,2,251.33333333333334,0.16369952235325122,1
31,1360,90.66666666666667,0.4,2,15,4,4,90.66666666666667,0.07381676074284538,1
35,1204,200.66666666666666,0.4,1,6,4,0,200.66666666666666,0.06534954406940134,1
40,1597,159.7,0.3,1,10,3,2,159.7,0.08668041684288534,1
28,2073,172.75,0.4,1,12,4,2,172.75,0.11251628310288123,1
28,2142,194.72727272727272,0.1,1,11,1,2,194.72727272727272,0.11626139816998146,1
27,2132,213.2,0.2,2,10,2,4,213.2,0.11571862787040173,1
31,1546,154.6,0.3,1,10,3,2,154.6,0.08391228831502864,1
37,1287,53.625,0.4,2,24,4,4,53.625,0.06985453755591324,1
35,1418,141.8,0.3,1,10,3,2,141.8,0.07696482848040789,1
46,1343,223.83333333333334,0.1,2,6,1,4,223.83333333333334,0.07289405123355981,1
32,2662,147.88888888888889,0.4,1,18,4,2,147.88888888888889,0.14448545374812824,1
33,6070,337.22222222222223,0.3,2,18,3,4,337.22222222222223,0.3294615718449055,1
33,1927,80.29166666666667,0.3,2,24,3,4,80.29166666666667,0.10459183672901694,1
26,2404,133.55555555555554,0.2,2,18,2,4,133.55555555555554,0.1304819800189708,1
24,1554,259.0,0.1,2,6,1,4,259.0,0.08434650455469243,1
25,1283,58.31818181818182,0.4,1,22,4,2,58.31818181818182,0.06963742943608134,1
54,717,29.875,0.4,2,24,4,3,29.875,0.03891663047986774,1
24,1747,72.79166666666667,0.4,1,24,4,2,72.79166666666667,0.09482197133658152,1
48,1288,143.11111111111111,0.3,2,9,3,4,143.11111111111111,0.06990881458587121,1
49,1038,103.8,0.4,2,10,4,4,103.8,0.05633955709637757,1
32,2848,284.8,0.1,1,10,1,2,284.8,0.1545809813203115,1
55,1413,117.75,0.3,1,12,3,2,117.75,0.07669344333061803,1
40,3077,102.56666666666666,0.3,2,30,3,4,102.56666666666666,0.16701042118068765,1
22,3632,151.33333333333334,0.1,1,24,1,1,151.33333333333334,0.19713417280736353,1
38,3229,179.38888888888889,0.2,1,18,2,4,179.38888888888889,0.17526052973429979,1
26,3577,397.44444444444446,0.1,1,9,1,2,397.44444444444446,0.19414893615967493,1
51,682,56.833333333333336,0.4,2,12,4,4,56.833333333333336,0.03701693443133864,1
38,1924,192.4,0.1,1,10,1,2,192.4,0.10442900563914302,1
46,727,72.7,0.4,1,10,4,2,72.7,0.03945940077944749,1
63,781,78.1,0.4,2,10,4,4,78.1,0.04239036039717812,1
30,2121,176.75,0.4,2,12,4,4,176.75,0.11512158054086401,1
32,701,58.416666666666664,0.4,2,12,4,4,58.416666666666664,0.03804819800054016,1
26,2069,206.9,0.2,2,10,2,4,206.9,0.11229917498304932,1
34,1525,63.541666666666664,0.4,1,24,4,2,63.541666666666664,0.08277247068591118,1
46,7629,158.9375,0.4,2,48,4,4,158.9375,0.4140794615493878,1
29,3499,291.5833333333333,0.3,2,12,3,4,291.5833333333333,0.18991532782295292,0
42,1346,224.33333333333334,0.2,1,6,2,2,224.33333333333334,0.07305688232343373,1
42,10477,291.02777777777777,0.2,2,36,2,4,291.02777777777777,0.5686604428696993,1
63,2924,121.83333333333333,0.3,1,24,3,2,121.83333333333333,0.15870603559711757,1
32,1231,123.1,0.3,2,10,3,4,123.1,0.06681502387826666,1
23,1961,108.94444444444444,0.3,1,18,3,2,108.94444444444444,0.10643725574758807,1
59,5045,336.3333333333333,0.1,1,15,1,4,336.3333333333333,0.27382761613798157,1
61,1255,104.58333333333333,0.4,2,12,4,4,104.58333333333333,0.06811767259725805,1
22,1858,154.83333333333334,0.4,1,12,4,2,154.83333333333334,0.1008467216619167,1
27,1221,203.5,0.1,2,6,1,4,203.5,0.06627225357868692,1
26,1388,154.22222222222223,0.4,1,9,4,2,154.22222222222223,0.07533651758166866,1
37,2279,189.91666666666666,0.4,1,12,4,2,189.91666666666666,0.12369735127422397,1
34,2759,229.91666666666666,0.2,2,12,2,0,229.91666666666666,0.14975032565405175,1
57,1258,52.416666666666664,0.3,1,24,3,2,52.416666666666664,0.06828050368713197,1
31,1410,117.5,0.2,1,12,2,0,117.5,0.0765306122407441,1
28,1403,93.53333333333333,0.2,1,15,2,2,93.53333333333333,0.07615067303103829,1
24,3021,125.875,0.2,1,24,2,2,125.875,0.16397090750304108,1
21,6568,273.6666666666667,0.2,1,24,2,2,273.6666666666667,0.35649153276397677,1
34,2578,107.41666666666667,0.2,1,24,2,4,107.41666666666667,0.13992618323165837,1
29,7758,323.25,0.2,1,24,2,4,323.25,0.4210811984139665,1
27,343,57.166666666666664,0.4,1,6,4,2,57.166666666666664,0.018617021275585267,1
34,1591,75.76190476190476,0.4,2,21,4,3,75.76190476190476,0.0863547546631375,1
27,3416,126.51851851851852,0.3,1,27,3,2,126.51851851851852,0.18541033433644102,1
28,1108,92.33333333333333,0.4,2,12,4,0,92.33333333333333,0.06013894919343579,0
30,5965,220.92592592592592,0.1,2,27,1,3,220.92592592592592,0.32376248369931815,1
22,1514,100.93333333333334,0.4,1,15,4,2,100.93333333333334,0.08217542335637346,1
36,6742,224.73333333333332,0.2,2,30,2,4,224.73333333333332,0.36593573597666434,1
22,3650,202.77777777777777,0.1,1,18,1,2,202.77777777777777,0.19811115934660709,1
26,3599,171.38095238095238,0.1,1,21,1,2,171.38095238095238,0.19534303081875037,1
63,13756,229.26666666666668,0.2,1,60,2,4,229.26666666666668,0.7466348241018977,1
22,276,30.666666666666668,0.4,1,9,4,2,30.666666666666668,0.014980460268400973,1
36,4041,96.21428571428571,0.4,2,42,4,4,96.21428571428571,0.2193334780601751,1
24,458,50.888888888888886,0.4,1,9,4,2,50.888888888888886,0.02485887972075234,1
30,918,102.0,0.4,1,9,4,2,102.0,0.04982631350142063,0
43,7393,308.0416666666667,0.1,1,24,1,2,308.0416666666667,0.4012700824793058,1
37,1225,122.5,0.2,1,10,2,2,122.5,0.06648936169851881,1
26,2812,117.16666666666667,0.2,1,24,2,2,117.16666666666667,0.1526270082418244,1
33,3029,201.93333333333334,0.2,1,15,2,2,201.93333333333334,0.16440512374270488,1
66,1480,123.33333333333333,0.2,3,12,2,4,123.33333333333333,0.08033000433780232,1
50,1047,174.5,0.2,1,6,2,4,174.5,0.05682805036599935,1
35,1471,98.06666666666666,0.4,2,15,4,4,98.06666666666666,0.07984151106818055,1
25,5511,229.625,0.4,1,24,4,2,229.625,0.2991207120983977,1
25,1206,134.0,0.4,1,9,4,2,134.0,0.0654580981293173,1
33,6403,266.7916666666667,0.1,1,24,1,3,266.7916666666667,0.347535822820911,1
30,707,58.916666666666664,0.4,2,12,4,2,58.916666666666664,0.038373860180288,1
41,1503,125.25,0.4,1,12,4,3,125.25,0.08157837602683574,1
32,6078,506.5,0.2,1,12,2,2,506.5,0.32989578808456926,1
32,2528,93.62962962962963,0.4,1,27,4,2,93.62962962962963,0.13721233173375963,1
39,1037,86.41666666666667,0.3,1,12,3,2,86.41666666666667,0.0562852800664196,1
23,1352,225.33333333333334,0.1,1,6,1,2,225.33333333333334,0.07338254450318157,1
26,3181,132.54166666666666,0.4,1,24,4,2,132.54166666666666,0.17265523229631702,1
32,4594,255.22222222222223,0.3,1,18,3,2,255.22222222222223,0.24934867562693505,1
40,5381,112.10416666666667,0.3,1,48,3,2,112.10416666666667,0.292064698203861,1
30,4657,310.46666666666664,0.3,1,15,3,2,310.46666666666664,0.2527681285142874,1
27,1391,154.55555555555554,0.2,1,9,2,2,154.55555555555554,0.0754993486715426,1
36,1913,106.27777777777777,0.3,1,18,3,2,106.27777777777777,0.1038319583096053,1
29,7166,170.61904761904762,0.2,1,42,2,2,170.61904761904762,0.3889491966788456,1
64,1409,108.38461538461539,0.2,1,13,2,2,108.38461538461539,0.07647633521078613,1
32,2978,124.08333333333333,0.4,2,24,4,3,124.08333333333333,0.16163699521484817,1
35,976,81.33333333333333,0.4,2,12,4,4,81.33333333333333,0.052974381238983154,1
44,2375,98.95833333333333,0.4,2,24,4,3,98.95833333333333,0.12890794615018952,1
42,522,43.5,0.4,2,12,4,4,43.5,0.028332609638062712,1
29,2743,97.96428571428571,0.4,2,28,4,4,97.96428571428571,0.14888189317472417,1
57,1154,104.9090909090909,0.4,3,11,4,4,104.9090909090909,0.06263569257150262,1
27,5804,241.83333333333334,0.4,2,24,4,4,241.83333333333334,0.31502388187608427,1
29,1169,64.94444444444444,0.4,2,18,4,4,64.94444444444444,0.06344984802087224,1
44,1478,98.53333333333333,0.4,2,15,4,4,98.53333333333333,0.08022145027788637,1
28,776,64.66666666666667,0.4,1,12,4,2,64.66666666666667,0.042118975247388245,1
40,1322,120.18181818181819,0.4,2,11,4,4,120.18181818181819,0.07175423360444234,1
68,1175,73.4375,0.2,3,16,2,4,73.4375,0.06377551020062008,1
52,2133,177.75,0.4,1,12,4,2,177.75,0.1157729049003597,1
46,1829,121.93333333333334,0.4,2,15,4,4,121.93333333333334,0.09927268779313543,1
52,717,59.75,0.4,3,12,4,4,59.75,0.03891663047986774,1
32,11760,301.53846153846155,0.2,1,39,2,3,301.53846153846155,0.6382978723057806,1
34,1501,166.77777777777777,0.2,2,9,2,4,166.77777777777777,0.08146982196691979,0
23,1200,100.0,0.4,1,12,4,2,100.0,0.06513243594956945,1
33,3195,355.0,0.1,1,9,1,2,355.0,0.17341511071572865,1
26,4530,151.0,0.4,1,30,4,4,151.0,0.24587494570962468,1
55,1555,129.58333333333334,0.4,2,12,4,3,129.58333333333334,0.0844007815846504,0
27,2326,155.06666666666666,0.2,1,15,2,4,155.06666666666666,0.12624837168224878,1
28,1887,104.83333333333333,0.4,2,18,4,4,104.83333333333333,0.10242075553069796,1
57,1264,105.33333333333333,0.4,1,12,4,4,105.33333333333333,0.06860616586687981,1
36,846,120.85714285714286,0.3,1,7,3,3,120.85714285714286,0.04591836734444646,1
31,1532,102.13333333333334,0.4,1,15,4,4,102.13333333333334,0.083152409895617,1
24,935,155.83333333333334,0.3,1,6,3,3,155.83333333333334,0.0507490230107062,1
43,2442,90.44444444444444,0.4,4,27,4,4,90.44444444444444,0.13254450715737384,1
40,3590,199.44444444444446,0.3,3,18,3,4,199.44444444444446,0.1948545375491286,1
23,2288,108.95238095238095,0.4,1,21,4,4,108.95238095238095,0.12418584454384575,1
26,5117,189.5185185185185,0.3,2,27,3,3,189.5185185185185,0.2777355622949557,1
30,14179,363.56410256410254,0.4,2,39,4,4,363.56410256410254,0.769594007774121,1
40,1386,92.4,0.4,1,15,4,2,92.4,0.07522796352175272,1
56,618,51.5,0.4,1,12,4,4,51.5,0.033543204514028264,1
50,1574,131.16666666666666,0.4,1,12,4,2,131.16666666666666,0.08543204515385193,1
36,700,116.66666666666667,0.4,2,6,4,4,116.66666666666667,0.03799392097058218,1
21,886,73.83333333333333,0.4,1,12,4,2,73.83333333333333,0.048089448542765444,1
32,4686,130.16666666666666,0.2,1,36,2,2,130.16666666666666,0.2543421623830687,1
66,790,87.77777777777777,0.4,1,9,4,2,87.77777777777777,0.04287885366679989,1
66,766,63.833333333333336,0.4,1,12,4,2,63.833333333333336,0.0415762049478085,0
39,2212,110.6,0.4,1,20,4,2,110.6,0.12006079026703968,1
70,7308,730.8,0.2,1,10,2,2,730.8,0.39665653493287795,1
24,5743,239.29166666666666,0.2,2,24,2,4,239.29166666666666,0.3117129830486478,1
22,3973,283.7857142857143,0.1,1,14,1,2,283.7857142857143,0.21564264002303285,1
27,7418,123.63333333333334,0.1,1,60,1,3,123.63333333333334,0.40262700822825515,1
29,2629,131.45,0.2,2,20,2,3,131.45,0.14269431175951508,1
35,1941,107.83333333333333,0.4,1,18,4,2,107.83333333333333,0.10535171514842859,1
29,2333,97.20833333333333,0.4,1,24,4,3,97.20833333333333,0.12662831089195462,1
26,2445,203.75,0.2,1,12,2,2,203.75,0.13270733824724776,1
60,6468,323.4,0.1,1,20,1,2,323.4,0.35106382976817935,1
40,7374,409.6666666666667,0.4,2,18,4,4,409.6666666666667,0.40023881891010427,1
23,3812,254.13333333333333,0.1,1,15,1,2,254.13333333333333,0.20690403819979894,1
45,4006,143.07142857142858,0.3,1,28,3,2,143.07142857142858,0.217433782011646,0
24,7472,622.6666666666666,0.1,1,12,1,2,622.6666666666666,0.4055579678459858,1
55,1424,118.66666666666667,0.3,1,12,3,2,118.66666666666667,0.07729049066015575,1
30,2028,169.0,0.4,1,12,4,2,169.0,0.11007381675477237,1
35,5324,354.93333333333334,0.1,1,15,1,2,354.93333333333334,0.2889709074962565,1
24,2323,64.52777777777777,0.4,1,36,4,2,64.52777777777777,0.12608554059237487,1
47,1393,116.08333333333333,0.4,3,12,4,2,116.08333333333333,0.07560790273145854,1
47,1984,110.22222222222223,0.4,2,18,4,2,110.22222222222223,0.1076856274366215,1
25,999,41.625,0.4,2,24,4,2,41.625,0.054222752928016565,1
37,7409,205.80555555555554,0.3,2,36,3,2,205.80555555555554,0.4021385149586334,1
33,2186,145.73333333333332,0.1,1,15,1,2,145.73333333333332,0.11864958748813234,1
31,4473,124.25,0.4,1,36,4,2,124.25,0.24278115500202013,1
27,937,39.041666666666664,0.4,2,24,4,2,39.041666666666664,0.05085757707062215,1
47,3422,190.11111111111111,0.4,3,18,4,2,190.11111111111111,0.18573599651618888,1
25,3105,129.375,0.4,2,24,4,2,129.375,0.16853017801951095,1
57,2748,229.0,0.2,3,12,2,4,229.0,0.14915327832451403,1
67,3872,215.11111111111111,0.2,1,18,2,2,215.11111111111111,0.21016065999727743,1
48,5190,192.22222222222223,0.4,4,27,4,2,192.22222222222223,0.2816977854818879,1
40,3001,166.72222222222223,0.2,1,18,2,2,166.72222222222223,0.1628853669038816,1
32,3863,160.95833333333334,0.1,1,24,1,3,160.95833333333334,0.20967216672765565,1
49,5801,483.4166666666667,0.2,1,12,2,4,483.4166666666667,0.3148610507862103,1
35,1592,132.66666666666666,0.3,1,12,3,4,132.66666666666666,0.08640903169309547,1
27,1185,98.75,0.3,2,12,3,4,98.75,0.06431828050019983,1
35,3780,210.0,0.3,2,18,3,4,210.0,0.20516717324114378,1
37,3612,200.66666666666666,0.3,1,18,3,4,200.66666666666666,0.19604863220820404,1
26,1076,89.66666666666667,0.2,1,12,2,2,89.66666666666667,0.058402084234780605,1
45,3527,293.9166666666667,0.2,1,12,2,2,293.9166666666667,0.1914350846617762,1
33,2051,113.94444444444444,0.4,1,18,4,2,113.94444444444444,0.11132218844380579,1
42,3331,277.5833333333333,0.2,1,12,2,4,277.5833333333333,0.1807967867900132,1
31,3104,172.44444444444446,0.3,1,18,3,0,172.44444444444446,0.16847590098955298,1
46,2611,108.79166666666667,0.4,2,24,4,4,108.79166666666667,0.14171732522027153,1
54,1409,117.41666666666667,0.4,1,12,4,4,117.41666666666667,0.07647633521078613,1
26,1311,54.625,0.4,1,24,4,2,54.625,0.07115718627490462,1
29,2108,351.3333333333333,0.2,1,6,2,2,351.3333333333333,0.11441597915141033,1
43,4042,168.41666666666666,0.3,2,24,3,4,168.41666666666666,0.21938775509013309,1
38,926,77.16666666666667,0.1,1,12,1,4,77.16666666666667,0.05026052974108443,1
35,1680,140.0,0.3,1,12,3,2,140.0,0.09118541032939723,1
28,1249,52.041666666666664,0.4,1,24,4,2,52.041666666666664,0.0677920104175102,1
27,2463,102.625,0.4,2,24,4,4,102.625,0.13368432478649128,1
51,1595,265.8333333333333,0.3,1,6,3,2,265.8333333333333,0.0865718627829694,1
33,2058,85.75,0.4,2,24,4,4,85.75,0.1117021276535116,1
38,7814,325.5833333333333,0.3,1,24,3,2,325.5833333333333,0.42412071209161306,1
30,1740,290.0,0.2,2,6,2,4,290.0,0.0944420321268757,1
38,1240,103.33333333333333,0.4,2,12,4,4,103.33333333333333,0.06730351714788843,1
46,6842,285.0833333333333,0.2,2,24,2,4,285.0833333333333,0.3713634389724618,1
33,5150,214.58333333333334,0.4,1,24,4,4,214.58333333333334,0.2795267042835689,1
43,1203,200.5,0.3,1,6,3,2,200.5,0.06529526703944337,1
24,2080,346.6666666666667,0.1,1,6,1,4,346.6666666666667,0.11289622231258704,1
56,1538,256.3333333333333,0.1,1,6,1,2,256.3333333333333,0.08347807207536484,1
37,3878,161.58333333333334,0.4,1,24,4,4,161.58333333333334,0.21048632217702526,1
22,3832,127.73333333333333,0.2,1,30,2,2,127.73333333333333,0.20798957879895844,1
20,3186,212.4,0.2,1,15,2,2,212.4,0.17292661744610688,1
29,2896,120.66666666666667,0.2,1,24,2,2,120.66666666666667,0.15718627875829427,1
36,6967,290.2916666666667,0.4,1,24,4,3,290.2916666666667,0.37814806771720866,1
37,1819,50.52777777777778,0.4,1,36,4,2,50.52777777777778,0.0987299174935557,0
44,5943,247.625,0.1,2,24,1,2,247.625,0.3225683890402427,0
23,7127,197.97222222222223,0.2,2,36,2,4,197.97222222222223,0.38683239251048457,0
28,3349,93.02777777777777,0.4,1,36,4,2,93.02777777777777,0.18177377332925673,0
26,10974,304.8333333333333,0.4,2,36,4,2,304.8333333333333,0.5956361267588126,0
29,518,86.33333333333333,0.3,1,6,3,2,86.33333333333333,0.028115501518230814,1
21,1126,62.55555555555556,0.4,1,18,4,2,62.55555555555556,0.06111593573267934,1
34,1860,155.0,0.4,2,12,4,4,155.0,0.10095527572183265,1
31,9566,265.72222222222223,0.2,2,36,2,4,265.72222222222223,0.5192140685779845,1
40,701,58.416666666666664,0.4,1,12,4,2,58.416666666666664,0.03804819800054016,1
27,2930,244.16666666666666,0.2,1,12,2,2,244.16666666666666,0.1590316977768654,1
32,1505,83.61111111111111,0.4,1,18,4,2,83.61111111111111,0.08168693008675168,1
25,2238,124.33333333333333,0.2,2,18,2,4,124.33333333333333,0.12147199304594702,1
42,1503,375.75,0.2,2,4,2,4,375.75,0.08157837602683574,1
43,2197,91.54166666666667,0.4,2,24,4,4,91.54166666666667,0.11924663481767006,1
44,1881,156.75,0.2,1,12,2,2,156.75,0.10209509335095011,1
32,1880,104.44444444444444,0.4,2,18,4,4,104.44444444444444,0.10204081632099214,1
27,2389,132.72222222222223,0.4,1,18,4,2,132.72222222222223,0.1296678245696012,1
20,1967,81.95833333333333,0.4,1,24,4,2,81.95833333333333,0.10676291792733593,1
37,3380,845.0,0.1,1,4,1,4,845.0,0.18345636125795395,1
42,1455,363.75,0.2,3,4,2,4,363.75,0.07897307858885295,1
46,730,104.28571428571429,0.4,2,7,4,4,104.28571428571429,0.039622231869321414,1
33,3244,180.22222222222223,0.1,2,18,1,0,180.22222222222223,0.17607468518366942,1
22,1670,185.55555555555554,0.4,1,9,4,2,185.55555555555554,0.09064264002981748,0
41,3979,82.89583333333333,0.4,2,48,4,2,82.89583333333333,0.2159683022027807,1
37,1922,160.16666666666666,0.4,1,12,4,2,160.16666666666666,0.10432045157922706,0
27,1295,71.94444444444444,0.4,2,18,4,4,71.94444444444444,0.07028875379557703,1
42,1544,386.0,0.2,3,4,2,4,386.0,0.08380373425511269,1
26,907,113.375,0.3,1,8,3,2,113.375,0.04922926617188291,1
26,1715,57.166666666666664,0.4,1,30,4,2,57.166666666666664,0.09308510637792634,1
27,1347,134.7,0.4,2,10,4,4,134.7,0.07311115935339171,1
22,1007,83.91666666666667,0.4,1,12,4,2,83.91666666666667,0.05465696916768036,1
37,1402,116.83333333333333,0.3,1,12,3,4,116.83333333333333,0.07609639600108031,1
30,2002,166.83333333333334,0.3,1,12,3,2,166.83333333333334,0.10866261397586503,1
49,2096,174.66666666666666,0.2,1,12,2,4,174.66666666666666,0.11376465479191464,1
27,1101,91.75,0.3,2,12,3,2,91.75,0.05975900998372997,1
40,894,89.4,0.4,1,10,4,2,89.4,0.04852366478242924,1
20,1577,143.36363636363637,0.4,1,11,4,2,143.36363636363637,0.08559487624372585,1
26,2764,83.75757575757575,0.2,2,33,2,3,83.75757575757575,0.15002171080384163,1
30,8358,174.125,0.1,2,48,1,0,174.125,0.4536474163887512,1
33,1474,122.83333333333333,0.4,1,12,4,2,122.83333333333333,0.08000434215805448,1
26,5433,226.375,0.2,1,24,2,2,226.375,0.2948871037616757,1
35,1410,100.71428571428571,0.1,1,14,1,2,100.71428571428571,0.0765306122407441,1
44,3485,174.25,0.2,2,20,2,4,174.25,0.1891554494035413,1
27,3850,213.88888888888889,0.3,2,18,3,4,213.88888888888889,0.208966565338202,1
24,7408,123.46666666666667,0.4,1,60,4,2,123.46666666666667,0.4020842379286754,0
47,1377,57.375,0.4,1,24,4,2,57.375,0.07473947025213094,1
26,4272,142.4,0.2,2,30,2,3,142.4,0.23187147198046723,1
23,1553,64.70833333333333,0.3,2,24,3,3,64.70833333333333,0.08429222752473446,1
31,9857,273.80555555555554,0.1,2,36,1,3,273.80555555555554,0.5350086842957551,1
52,362,60.333333333333336,0.4,2,6,4,4,60.333333333333336,0.019648284844786784,1
43,1935,161.25,0.4,3,12,4,4,161.25,0.10502605296868074,1
37,10222,212.95833333333334,0.4,1,48,4,2,212.95833333333334,0.5548198002304158,1
26,1330,110.83333333333333,0.4,1,12,4,2,110.83333333333333,0.07218844984410613,1
35,9055,251.52777777777777,0.2,1,36,2,2,251.52777777777777,0.4914785062694595,1
30,7966,306.38461538461536,0.2,2,26,2,2,306.38461538461536,0.4323708206452252,1
34,3496,116.53333333333333,0.4,1,30,4,1,116.53333333333333,0.189752496733079,1
35,6948,193.0,0.2,1,36,2,2,193.0,0.37711680414800713,1
48,12204,254.25,0.2,1,48,2,0,254.25,0.6623968736071213,1
42,3446,95.72222222222223,0.4,1,36,4,2,95.72222222222223,0.18703864523518027,0
40,684,57.0,0.4,1,12,4,2,57.0,0.037125488491254584,0
23,4281,129.72727272727272,0.1,2,33,1,4,129.72727272727272,0.232359965250089,0
30,7174,170.8095238095238,0.4,1,42,4,2,170.8095238095238,0.38938341291850936,0
24,1546,64.41666666666667,0.4,1,24,4,1,64.41666666666667,0.08391228831502864,0
33,2359,98.29166666666667,0.1,1,24,1,2,98.29166666666667,0.12803951367086194,0
31,3621,150.875,0.2,2,24,2,2,150.875,0.1965371254778258,0
22,741,61.75,0.4,1,12,4,2,61.75,0.040219279198859134,0
53,7865,655.4166666666666,0.4,1,12,4,2,655.4166666666666,0.42688884061946974,0
34,2910,121.25,0.2,1,24,2,2,121.25,0.1579461571777059,1
36,5302,294.55555555555554,0.2,3,18,2,4,294.55555555555554,0.28777681283718104,1
37,3620,100.55555555555556,0.1,1,36,1,2,100.55555555555556,0.19648284844786784,1
25,3509,194.94444444444446,0.4,1,18,4,2,194.94444444444446,0.19045809812253267,1
34,3017,251.41666666666666,0.3,1,12,3,2,251.41666666666666,0.1637537993832092,1
27,1657,138.08333333333334,0.2,1,12,2,2,138.08333333333334,0.08993703864036381,1
51,1164,145.5,0.3,2,8,3,4,145.5,0.06317846287108236,1
23,6229,173.02777777777777,0.4,2,36,4,4,173.02777777777777,0.3380916196082234,0
29,1193,49.708333333333336,0.1,2,24,1,1,49.708333333333336,0.06475249673986362,0
32,4583,152.76666666666668,0.2,2,30,2,0,152.76666666666668,0.24875162829739733,1
28,5371,149.19444444444446,0.3,2,36,3,4,149.19444444444446,0.2915219279042813,1
38,708,59.0,0.2,1,12,2,2,59.0,0.038428137210245975,1
65,571,27.19047619047619,0.4,2,21,4,4,27.19047619047619,0.030992184106003462,1
39,2522,84.06666666666666,0.1,1,30,1,2,84.06666666666666,0.1368866695540118,1
29,5179,143.86111111111111,0.4,1,36,4,2,143.86111111111111,0.28110073815235015,0
26,8229,228.58333333333334,0.2,1,36,2,2,228.58333333333334,0.4466456795241725,0
30,2028,84.5,0.2,2,24,2,4,84.5,0.11007381675477237,1
75,1374,229.0,0.4,1,6,4,2,229.0,0.07457663916225701,1
21,1289,107.41666666666667,0.4,1,12,4,2,107.41666666666667,0.06996309161582918,1
41,2712,75.33333333333333,0.2,1,36,2,2,75.33333333333333,0.14719930524602695,0
25,975,65.0,0.2,2,15,2,4,65.0,0.052920104209025175,1
35,1050,175.0,0.4,2,6,4,3,175.0,0.05699088145587327,1
37,609,101.5,0.4,2,6,4,4,101.5,0.033054711244406496,1
26,4788,99.75,0.4,1,48,4,2,99.75,0.2598784194387821,1
30,3069,127.875,0.4,1,24,4,2,127.875,0.16657620494102388,1
23,836,69.66666666666667,0.4,1,12,4,2,69.66666666666667,0.04537559704486672,0
42,2577,214.75,0.2,1,12,2,2,214.75,0.1398719062017004,1
30,1620,135.0,0.2,1,12,2,2,135.0,0.08792878853191875,1
46,1845,123.0,0.4,1,15,4,2,123.0,0.10014112027246302,1
29,6579,274.125,0.4,1,24,4,2,274.125,0.3570885800935145,1
29,1893,157.75,0.4,1,12,4,2,157.75,0.1027464177104458,1
38,10623,354.1,0.3,3,30,3,4,354.1,0.5765848892435635,1
30,2249,124.94444444444444,0.4,1,18,4,2,124.94444444444444,0.12206904037548474,1
31,3108,103.6,0.2,1,30,2,2,103.6,0.16869300910938487,0
47,958,79.83333333333333,0.2,2,12,2,4,79.83333333333333,0.05199739469973961,1
48,9277,386.5416666666667,0.2,1,24,2,2,386.5416666666667,0.5035280069201298,1
27,6314,263.0833333333333,0.4,2,24,4,4,263.0833333333333,0.34270516715465127,1
66,1526,127.16666666666667,0.4,2,12,4,4,127.16666666666667,0.08282674771586915,1
29,3590,299.1666666666667,0.2,1,12,2,2,299.1666666666667,0.1948545375491286,1
75,6615,275.625,0.2,2,24,2,4,275.625,0.35904255317200157,1
36,1872,312.0,0.4,3,6,4,4,312.0,0.10160660008132834,1
38,2859,238.25,0.4,1,12,4,2,238.25,0.15517802864984923,1
46,1582,87.88888888888889,0.4,2,18,4,4,87.88888888888889,0.08586626139351572,1
36,1238,206.33333333333334,0.4,1,6,4,2,206.33333333333334,0.06719496308797249,1
55,2578,214.83333333333334,0.3,1,12,3,2,214.83333333333334,0.13992618323165837,1
25,1433,95.53333333333333,0.4,2,15,4,4,95.53333333333333,0.07777898392977751,1
45,7882,187.66666666666666,0.2,1,42,2,2,187.66666666666666,0.4278115501287553,1
28,4169,173.70833333333334,0.4,1,24,4,2,173.70833333333334,0.22628093789479586,1
30,3959,109.97222222222223,0.4,1,36,4,2,109.97222222222223,0.21488276160362121,1
39,3249,90.25,0.2,1,36,2,2,90.25,0.17634607033345928,1
22,3149,131.20833333333334,0.4,1,24,4,2,131.20833333333334,0.17091836733766183,1
60,2246,187.16666666666666,0.3,2,12,3,4,187.16666666666666,0.12190620928561081,0
28,1797,138.23076923076923,0.3,2,13,3,4,138.23076923076923,0.09753582283448026,1
24,4272,213.6,0.1,2,20,1,4,213.6,0.23187147198046723,1
63,2957,123.20833333333333,0.4,2,24,4,4,123.20833333333333,0.16049717758573073,1
46,2348,65.22222222222223,0.3,2,36,3,4,65.22222222222223,0.12744246634132422,1
33,6289,149.73809523809524,0.2,2,42,2,0,149.73809523809524,0.3413482414057019,1
44,6419,267.4583333333333,0.2,2,24,2,4,267.4583333333333,0.3484042553002386,1
58,6143,127.97916666666667,0.4,2,48,4,4,127.97916666666667,0.3334237950318376,0
54,1597,66.54166666666667,0.4,2,24,4,4,66.54166666666667,0.08668041684288534,1
43,15857,440.47222222222223,0.2,1,36,2,2,440.47222222222223,0.8606708640436023,1
52,2223,92.625,0.4,2,24,4,4,92.625,0.1206578375965774,1
32,7238,150.79166666666666,0.3,2,48,3,3,150.79166666666666,0.39285714283581974,1
41,2503,83.43333333333334,0.4,2,30,4,3,83.43333333333334,0.13585540598481027,1
34,2622,145.66666666666666,0.4,1,18,4,2,145.66666666666666,0.14231437254980925,1
48,4351,181.29166666666666,0.1,1,24,1,2,181.29166666666666,0.23615935734714724,1
38,368,61.333333333333336,0.4,1,6,4,2,61.333333333333336,0.01997394702453463,1
38,754,62.833333333333336,0.4,2,12,4,2,62.833333333333336,0.040924880588312805,1
53,2424,101.0,0.4,2,24,4,4,101.0,0.1315675206181303,1
38,6681,139.1875,0.4,1,48,4,3,139.1875,0.3626248371492279,1
42,2427,134.83333333333334,0.4,2,18,4,3,134.83333333333334,0.1317303517080042,1
38,1216,50.666666666666664,0.4,2,24,4,4,50.666666666666664,0.06600086842889705,0
64,753,125.5,0.2,1,6,2,2,125.5,0.04087060355835483,1
35,2576,368.0,0.2,1,7,2,2,368.0,0.13981762917174242,1
26,590,98.33333333333333,0.3,1,6,3,2,98.33333333333333,0.03202344767520498,1
33,1414,176.75,0.4,1,8,4,2,176.75,0.076747720360576,1
29,1103,91.91666666666667,0.4,2,12,4,2,91.91666666666667,0.05986756404364592,1
20,585,48.75,0.4,2,12,4,3,48.75,0.031752062525415105,1
28,1068,178.0,0.4,1,6,4,2,178.0,0.05796786799511681,1
47,713,89.125,0.4,2,8,4,4,89.125,0.03869952236003585,1
49,1092,91.0,0.4,2,12,4,2,91.0,0.0592705167141082,1
45,2329,332.7142857142857,0.1,1,7,1,2,332.7142857142857,0.1264112027721227,1
23,882,67.84615384615384,0.4,2,13,4,4,67.84615384615384,0.04787234042293355,1
25,866,48.111111111111114,0.4,1,18,4,2,48.111111111111114,0.047003907943605955,1
34,2415,345.0,0.3,1,7,3,2,345.0,0.13107902734850851,1
23,2101,161.6153846153846,0.2,1,13,2,2,161.6153846153846,0.11403603994170451,1
32,1301,72.27777777777777,0.4,1,18,4,2,72.27777777777777,0.07061441597532488,1
26,1113,61.833333333333336,0.4,1,18,4,2,61.833333333333336,0.060410334343225666,1
44,760,95.0,0.4,1,8,4,2,95.0,0.04125054276806065,1
26,625,52.083333333333336,0.4,1,12,4,2,52.083333333333336,0.03392314372373409,1
28,1323,220.5,0.2,2,6,2,4,220.5,0.07180851063440032,1
25,1138,126.44444444444444,0.4,2,9,4,4,126.44444444444444,0.06176726009217503,1
48,1795,99.72222222222223,0.3,2,18,3,4,99.72222222222223,0.0974272687745643,1
35,2728,181.86666666666667,0.4,3,15,4,4,181.86666666666667,0.14806773772535456,1
28,484,80.66666666666667,0.3,1,6,3,2,80.66666666666667,0.02627008249965968,1
23,1048,104.8,0.4,1,10,4,1,104.8,0.05688232739595732,1
40,1155,96.25,0.3,2,12,3,2,96.25,0.0626899696014606,1
36,7057,352.85,0.3,2,20,3,3,352.85,0.38303300041342636,1
50,1537,102.46666666666667,0.4,2,15,4,4,102.46666666666667,0.08342379504540687,1
24,2214,184.5,0.4,1,12,4,2,184.5,0.12016934432695564,1
40,1585,66.04166666666667,0.4,2,24,4,4,66.04166666666667,0.08602909248338965,1
31,1521,152.1,0.4,1,10,4,2,152.1,0.08255536256607927,1
29,3990,110.83333333333333,0.3,1,36,3,1,110.83333333333333,0.21656534953231843,1
45,3049,169.38888888888889,0.1,1,18,1,2,169.38888888888889,0.16549066434186438,1
32,1282,53.416666666666664,0.4,1,24,4,2,53.416666666666664,0.06958315240612337,0
21,10144,169.06666666666666,0.2,1,60,2,2,169.06666666666666,0.5505861918936937,1
27,1168,97.33333333333333,0.4,1,12,4,2,97.33333333333333,0.06339557099091427,1
22,454,75.66666666666667,0.3,1,6,3,2,75.66666666666667,0.02464177160092044,1
46,3594,239.6,0.1,2,15,1,3,239.6,0.1950716456689605,1
24,1768,147.33333333333334,0.3,1,12,3,2,147.33333333333334,0.09596178896569899,1
21,15653,260.8833333333333,0.2,2,60,2,3,260.8833333333333,0.8495983499321755,1
36,2247,187.25,0.2,2,12,2,3,187.25,0.1219604863155688,1
28,1413,58.875,0.4,1,24,4,2,58.875,0.07669344333061803,1
27,4576,101.68888888888888,0.3,1,45,3,4,101.68888888888888,0.2483716890876915,1
57,1231,51.291666666666664,0.4,2,24,4,4,51.291666666666664,0.06681502387826666,1
47,8335,231.52777777777777,0.3,1,36,3,2,231.52777777777777,0.4523990446997178,0
34,5800,161.11111111111111,0.3,2,36,3,4,161.11111111111111,0.3148067737562523,1
23,8471,470.6111111111111,0.1,2,18,1,3,470.6111111111111,0.45978072077400234,1
57,3622,120.73333333333333,0.4,2,30,4,2,120.73333333333333,0.19659140250778379,1
67,1169,194.83333333333334,0.4,2,6,4,4,194.83333333333334,0.06344984802087224,1
36,1262,84.13333333333334,0.4,2,15,4,2,84.13333333333334,0.06849761180696387,1
20,3617,150.70833333333334,0.4,2,24,4,4,150.70833333333334,0.19632001735799393,1
36,2181,72.7,0.4,2,30,4,4,72.7,0.11837820233834248,1
37,7685,160.10416666666666,0.2,1,48,2,1,160.10416666666666,0.41711897522703434,0
31,6110,127.29166666666667,0.1,1,48,1,4,127.29166666666667,0.3316326530432244,1
62,3757,156.54166666666666,0.4,1,24,4,2,156.54166666666666,0.20391880155211034,1
65,3394,80.80952380952381,0.4,2,42,4,4,80.80952380952381,0.18421623967736558,1
36,6304,175.11111111111111,0.4,2,36,4,4,175.11111111111111,0.3421623968550715,1
41,1244,138.22222222222223,0.4,2,9,4,4,138.22222222222223,0.06752062526772033,1
26,3518,586.3333333333334,0.2,1,6,2,2,586.3333333333334,0.19094659139215445,1
27,2613,72.58333333333333,0.4,2,36,4,0,72.58333333333333,0.14182587928018747,1
50,7476,155.75,0.4,1,48,4,2,155.75,0.4057750759658177,1
54,4591,191.29166666666666,0.2,3,24,2,2,191.29166666666666,0.2491858445370611,0
27,1924,106.88888888888889,0.4,1,18,4,2,106.88888888888889,0.10442900563914302,0
24,5595,77.70833333333333,0.2,1,72,2,2,77.70833333333333,0.30367998261486756,0
50,6224,129.66666666666666,0.4,1,48,4,3,129.66666666666666,0.33782023445843357,0
40,1905,127.0,0.4,1,15,4,2,127.0,0.1033977420699415,1
28,2993,142.52380952380952,0.3,2,21,3,3,142.52380952380952,0.1624511506642178,1
31,8947,248.52777777777777,0.3,1,36,3,3,248.52777777777777,0.48561658703399824,1
27,4020,167.5,0.2,1,24,2,2,167.5,0.21819366043105765,1
21,2779,154.38888888888889,0.1,1,18,1,2,154.38888888888889,0.15083586625321124,1
31,2782,132.47619047619048,0.1,1,21,1,2,132.47619047619048,0.1509986973430852,1
39,1884,157.0,0.4,1,12,4,2,157.0,0.10225792444082403,1
30,11054,307.05555555555554,0.4,1,36,4,4,307.05555555555554,0.5999782891554506,1
27,9157,152.61666666666667,0.2,1,60,2,3,152.61666666666667,0.49701476332517286,1
55,9283,221.02380952380952,0.1,1,42,1,1,221.02380952380952,0.5038536690998777,1
34,6527,108.78333333333333,0.4,1,60,4,2,108.78333333333333,0.3542661745356998,1
23,3368,224.53333333333333,0.3,2,15,3,4,224.53333333333333,0.18280503689845826,1
23,2511,167.4,0.1,1,15,1,2,167.4,0.13628962222447408,1
42,5493,152.58333333333334,0.2,1,36,2,2,152.58333333333334,0.29814372555915414,1
62,1338,223.0,0.1,1,6,1,2,223.0,0.07262266608376994,1
37,1082,120.22222222222223,0.4,2,9,4,2,120.22222222222223,0.05872774641452845,1
46,1149,63.833333333333336,0.4,2,18,4,4,63.833333333333336,0.06236430742171275,1
38,1308,87.2,0.4,2,15,4,2,87.2,0.0709943551850307,1
31,6148,307.4,0.3,2,20,3,0,307.4,0.33369518018162747,1
31,1736,144.66666666666666,0.3,1,12,3,2,144.66666666666666,0.0942249240070438,1
61,3059,254.91666666666666,0.2,1,12,2,2,254.91666666666666,0.16603343464144413,1
20,2996,124.83333333333333,0.2,1,24,2,2,124.83333333333333,0.16261398175409172,0
63,7596,253.2,0.1,2,30,1,4,253.2,0.4122883195607746,1
24,4811,160.36666666666667,0.2,1,30,2,2,160.36666666666667,0.2611267911278155,1
21,1766,294.3333333333333,0.1,1,6,1,2,294.3333333333333,0.09585323490578304,1
36,2760,115.0,0.4,1,24,4,2,115.0,0.14980460268400975,1
44,5507,229.45833333333334,0.3,2,24,3,4,229.45833333333334,0.2989036039785658,1
67,1199,133.22222222222223,0.4,2,9,4,2,133.22222222222223,0.06507815891961148,1
51,2892,120.5,0.3,1,24,3,2,120.5,0.15696917063846239,1
30,2862,79.5,0.4,1,36,4,3,79.5,0.15534085973972314,1
28,654,72.66666666666667,0.4,1,9,4,2,72.66666666666667,0.03549717759251535,0
32,1136,126.22222222222223,0.4,2,9,4,4,126.22222222222223,0.06165870603225908,0
28,4113,171.375,0.3,1,24,3,2,171.375,0.2232414242171493,0
23,14555,2425.8333333333335,0.1,1,6,1,2,2425.8333333333335,0.7900021710383195,0
33,950,63.333333333333336,0.4,2,15,4,0,63.333333333333336,0.05156317846007581,0
60,1199,49.958333333333336,0.4,2,24,4,4,49.958333333333336,0.06507815891961148,0
48,1082,90.16666666666667,0.4,2,12,4,0,90.16666666666667,0.05872774641452845,0
24,2150,71.66666666666667,0.4,1,30,4,2,71.66666666666667,0.11669561440964527,0
27,2820,78.33333333333333,0.4,2,36,4,4,78.33333333333333,0.1530612244814882,0
28,3060,63.75,0.4,2,48,4,2,63.75,0.1660877116714021,0
65,2600,144.44444444444446,0.4,2,18,4,2,144.44444444444446,0.1411202778907338,0
29,5003,238.23809523809524,0.1,2,21,1,0,238.23809523809524,0.27154798087974663,0
42,6288,104.8,0.4,1,60,4,2,104.8,0.34129396437574394,0
47,2538,105.75,0.4,2,24,4,3,105.75,0.13775510203333938,0
22,1478,164.22222222222223,0.4,1,9,4,2,164.22222222222223,0.08022145027788637,0
25,4933,126.48717948717949,0.2,2,39,2,4,126.48717948717949,0.2677485887826884,0
32,1530,85.0,0.3,2,18,3,4,85.0,0.08304385583570105,0
29,1437,159.66666666666666,0.2,1,9,2,1,159.66666666666666,0.07799609204960942,0
24,1275,85.0,0.4,1,15,4,2,85.0,0.06920321319641753,0
30,1823,75.95833333333333,0.4,1,24,4,2,75.95833333333333,0.09894702561338758,0
27,1422,158.0,0.3,1,9,3,2,158.0,0.0771819366002398,0
47,1217,67.61111111111111,0.4,1,18,4,2,67.61111111111111,0.06605514545885502,0
24,9271,257.52777777777777,0.2,1,36,2,2,257.52777777777777,0.503202344740382,0
24,2145,59.583333333333336,0.2,2,36,2,3,59.583333333333336,0.11642422925985539,0
34,1842,51.166666666666664,0.4,1,36,4,2,51.166666666666664,0.09997828918258911,0
40,4297,238.72222222222223,0.4,1,18,4,3,238.72222222222223,0.23322839772941661,0
44,3384,564.0,0.1,1,6,1,4,564.0,0.18367346937778584,0
33,1245,69.16666666666667,0.4,1,18,4,4,69.16666666666667,0.0675749022976783,0
40,4623,308.2,0.3,1,15,3,2,308.2,0.2509227094957163,0
49,8386,279.53333333333336,0.2,1,30,2,4,279.53333333333336,0.4551671732275745,0
48,1024,42.666666666666664,0.4,1,24,4,3,42.666666666666664,0.05557967867696593,0
57,14318,397.72222222222223,0.4,1,36,4,2,397.72222222222223,0.7771385149382795,0
24,433,72.16666666666667,0.4,1,6,4,1,72.16666666666667,0.023501953971802977,0
29,2149,179.08333333333334,0.4,1,12,4,1,179.08333333333334,0.1166413373796873,0
35,2397,99.875,0.3,2,24,3,2,99.875,0.13010204080926496,0
32,931,155.16666666666666,0.1,1,6,1,1,155.16666666666666,0.050531914890874295,0
61,1512,100.8,0.3,2,15,3,3,100.8,0.08206686929645751,0
36,4241,176.70833333333334,0.1,3,24,1,0,176.70833333333334,0.23018888405177004,0
25,4736,197.33333333333334,0.2,1,24,2,4,197.33333333333334,0.25705601388096744,0
26,1778,118.53333333333333,0.2,2,15,2,0,118.53333333333333,0.09650455926527873,0
25,2327,155.13333333333333,0.2,1,15,2,2,155.13333333333333,0.12630264871220676,0
55,6872,286.3333333333333,0.2,1,24,2,1,286.3333333333333,0.37299174987120104,0
53,795,66.25,0.4,1,12,4,2,66.25,0.04315023881658976,0
66,1908,63.6,0.4,1,30,4,3,63.6,0.10356057315981543,0
61,1953,54.25,0.4,1,36,4,0,54.25,0.10600303950792428,0
34,2864,159.11111111111111,0.2,1,18,2,2,159.11111111111111,0.15544941379963909,0
33,2319,110.42857142857143,0.2,1,21,2,4,110.42857142857143,0.12586843247254295,0
29,915,38.125,0.4,1,24,4,2,38.125,0.04966348241154671,0
38,947,39.458333333333336,0.4,1,24,4,2,39.458333333333336,0.05140034737020189,0
35,1381,57.541666666666664,0.4,1,24,4,2,57.541666666666664,0.07495657837196285,0
32,1285,53.541666666666664,0.4,1,24,4,2,53.541666666666664,0.06974598349599728,0
25,1371,57.125,0.4,1,24,4,2,57.125,0.0744138080723831,0
33,1042,57.888888888888886,0.4,1,18,4,2,57.888888888888886,0.05655666521620947,0
23,900,75.0,0.4,1,12,4,2,75.0,0.048849326962177086,0
24,1207,50.291666666666664,0.4,1,24,4,2,50.291666666666664,0.06551237515927527,0
28,2278,126.55555555555556,0.3,2,18,3,0,126.55555555555556,0.123643074244266,0
63,6836,113.93333333333334,0.3,2,60,3,3,113.93333333333334,0.371037776792714,0
39,3345,139.375,0.4,1,24,4,2,139.375,0.18155666520942484,0
35,1198,199.66666666666666,0.4,1,6,4,1,199.66666666666666,0.0650238818896535,0
23,15672,326.5,0.2,1,48,2,2,326.5,0.850629613501377,0
36,7297,121.61666666666666,0.4,1,60,4,2,121.61666666666666,0.39605948760334025,0
23,1943,107.94444444444444,0.4,1,18,4,2,107.94444444444444,0.10546026920834453,0
24,3190,177.22222222222223,0.2,1,18,2,2,177.22222222222223,0.1731437255659388,0
74,5129,569.8888888888889,0.2,1,9,2,1,569.8888888888889,0.27838688665445144,0
22,1808,100.44444444444444,0.4,1,18,4,3,100.44444444444444,0.09813287016401798,0
48,1240,124.0,0.1,1,10,1,2,124.0,0.06730351714788843,0
26,759,63.25,0.4,1,12,4,2,63.25,0.04119626573810268,0
24,1237,154.625,0.3,1,8,3,2,154.625,0.0671406860580145,0
19,1980,220.0,0.2,2,9,2,2,220.0,0.10746851931678959,0
27,10961,228.35416666666666,0.1,2,48,1,2,228.35416666666666,0.594930525369359,0
29,6887,191.30555555555554,0.4,1,36,4,3,191.30555555555554,0.3738059053205707,0
32,1938,80.75,0.4,1,24,4,2,80.75,0.10518888405855466,0
25,1835,87.38095238095238,0.3,2,21,3,2,87.38095238095238,0.09959834997288328,0
29,1659,69.125,0.4,1,24,4,3,69.125,0.09004559270027976,0
47,1209,201.5,0.4,1,6,4,3,201.5,0.06562092921919122,0
34,3844,80.08333333333333,0.4,1,48,4,0,80.08333333333333,0.20864090315845413,0
43,4843,403.5833333333333,0.3,2,12,3,4,403.5833333333333,0.2628636560864707,0
30,639,53.25,0.4,1,12,4,2,53.25,0.03468302214314573,0
22,5951,123.97916666666667,0.2,1,48,2,2,123.97916666666667,0.3230026052799065,0
42,3804,105.66666666666667,0.4,1,36,4,0,105.66666666666667,0.20646982196013516,0
26,4463,123.97222222222223,0.4,2,36,4,3,123.97222222222223,0.24223838470244038,0
27,7980,221.66666666666666,0.4,2,36,4,3,221.66666666666666,0.43313069906463686,0
26,4210,116.94444444444444,0.4,1,36,4,2,116.94444444444444,0.22850629612307283,0
32,4611,768.5,0.1,1,6,1,2,768.5,0.2502713851362206,0
23,11560,481.6666666666667,0.1,2,24,1,2,481.6666666666667,0.6274424663141857,0
36,4165,231.38888888888889,0.2,2,18,2,0,231.38888888888889,0.22606382977496398,0
43,4057,169.04166666666666,0.3,1,24,3,2,169.04166666666666,0.22020191053950272,0
39,6458,358.77777777777777,0.2,2,18,2,1,358.77777777777777,0.35052105946859957,0
26,1386,115.5,0.2,1,12,2,2,115.5,0.07522796352175272,0
40,1977,54.916666666666664,0.4,1,36,4,2,54.916666666666664,0.10730568822691566,0
31,1928,107.11111111111111,0.2,2,18,2,4,107.11111111111111,0.10464611375897491,0
29,1123,93.58333333333333,0.4,1,12,4,2,93.58333333333333,0.06095310464280541,0
29,11328,472.0,0.2,2,24,2,2,472.0,0.6148501953639356,0
39,11938,497.4166666666667,0.2,2,24,2,4,497.4166666666667,0.6479591836383001,0
23,2520,93.33333333333333,0.4,2,27,4,4,93.33333333333333,0.13677811549409585,0
30,1919,63.96666666666667,0.4,2,30,4,3,63.96666666666667,0.10415762048935315,0
60,14782,246.36666666666667,0.3,2,60,3,1,246.36666666666667,0.8023230568387797,0
50,2671,74.19444444444444,0.4,1,36,4,2,74.19444444444444,0.14497394701775,0
47,12612,350.3333333333333,0.1,1,36,1,2,350.3333333333333,0.6845419018299749,0
21,3031,67.35555555555555,0.4,1,45,4,2,67.35555555555555,0.16451367780262083,0
24,626,52.166666666666664,0.4,1,12,4,1,52.166666666666664,0.03397742075369206,0
31,1935,80.625,0.4,2,24,4,4,80.625,0.10502605296868074,0
37,1344,56.0,0.4,2,24,4,4,56.0,0.07294832826351778,0
43,1533,85.16666666666667,0.4,1,18,4,2,85.16666666666667,0.08320668692557497,0
46,3931,81.89583333333333,0.4,1,48,4,2,81.89583333333333,0.21336300476479791,0
30,3349,139.54166666666666,0.4,1,24,4,1,139.54166666666666,0.18177377332925673,0
31,2302,63.94444444444444,0.4,1,36,4,2,63.94444444444444,0.1249457229632574,0
34,3965,94.4047619047619,0.4,1,42,4,2,94.4047619047619,0.21520842378336905,0
33,727,60.583333333333336,0.4,1,12,4,2,60.583333333333336,0.03945940077944749,0
38,3914,81.54166666666667,0.4,1,48,4,2,81.54166666666667,0.21244029525551236,0
24,4308,89.75,0.3,1,48,3,2,89.75,0.23382544505895433,0
23,1534,127.83333333333333,0.1,1,12,1,2,127.83333333333333,0.08326096395553295,0
31,2775,154.16666666666666,0.2,2,18,2,4,154.16666666666666,0.15061875813337935,0
27,5998,149.95,0.4,1,40,4,4,149.95,0.3255536256879313,0
39,1271,84.73333333333333,0.3,2,15,3,4,84.73333333333333,0.06898610507658565,0
25,1295,107.91666666666667,0.3,1,12,3,2,107.91666666666667,0.07028875379557703,0
28,9398,261.05555555555554,0.1,1,36,1,2,261.05555555555554,0.5100955275450447,0
27,951,79.25,0.4,4,12,4,2,79.25,0.05161745549003379,0
25,1355,56.458333333333336,0.3,1,24,3,2,56.458333333333336,0.0735453755930555,0
54,3051,63.5625,0.3,1,48,3,2,63.5625,0.16559921840178032,0
25,7855,218.19444444444446,0.4,2,36,4,4,218.19444444444446,0.42634607031989,0
22,433,24.055555555555557,0.3,1,18,3,2,24.055555555555557,0.023501953971802977,0
28,9572,265.8888888888889,0.1,2,36,1,3,265.8888888888889,0.5195397307577323,0
34,1837,76.54166666666667,0.4,1,24,4,1,76.54166666666667,0.09970690403279923,0
28,4249,141.63333333333333,0.4,2,30,4,4,141.63333333333333,0.23062310029143382,0
28,5234,174.46666666666667,0.4,2,30,4,4,174.46666666666667,0.2840859748000388,0
31,6758,140.79166666666666,0.3,1,48,3,2,140.79166666666666,0.36680416845599195,0
22,1366,151.77777777777777,0.3,1,9,3,2,151.77777777777777,0.07414242292259322,0
40,1358,56.583333333333336,0.4,1,24,4,1,56.583333333333336,0.07370820668292943,0
25,2473,137.38888888888889,0.4,1,18,4,2,137.38888888888889,0.13422709508607103,0
34,1337,148.55555555555554,0.4,2,9,4,0,148.55555555555554,0.07256838905381197,0
42,7763,161.72916666666666,0.4,1,48,4,2,161.72916666666666,0.4213525835637564,0
25,1264,84.26666666666667,0.2,1,15,2,1,84.26666666666667,0.06860616586687981,0
28,2631,175.4,0.2,2,15,2,2,175.4,0.14280286581943102,0
24,6560,136.66666666666666,0.3,1,48,3,2,136.66666666666666,0.356057316524313,0
27,3123,130.125,0.4,1,24,4,2,130.125,0.1695071645587545,0
25,8065,224.02777777777777,0.3,2,36,3,4,224.02777777777777,0.4377442466110647,0
35,2439,101.625,0.4,1,24,4,2,101.625,0.1323816760674999,0
29,9034,250.94444444444446,0.4,1,36,4,2,250.94444444444446,0.490338688640342,0
27,14027,233.78333333333333,0.4,1,60,4,2,233.78333333333333,0.7613438992205089,0
24,9629,267.47222222222223,0.4,2,36,4,4,267.47222222222223,0.5226335214653368,0
25,1484,123.66666666666667,0.2,1,12,2,2,123.66666666666667,0.08054711245763423,0
33,1131,62.833333333333336,0.4,1,18,4,2,62.833333333333336,0.061387320882469204,0
34,2064,86.0,0.3,1,24,3,3,86.0,0.11202778983325945,0
38,12976,720.8888888888889,0.3,1,18,3,2,720.8888888888889,0.7042987407346777,0
41,2580,122.85714285714286,0.4,1,21,4,3,122.85714285714286,0.1400347372915743,0
21,2570,95.18518518518519,0.3,1,27,3,2,95.18518518518519,0.13949196699199456,0
36,3915,145.0,0.4,1,27,4,2,145.0,0.21249457228547033,0
27,1309,130.9,0.4,1,10,4,2,130.9,0.07104863221498868,0
31,4817,200.70833333333334,0.2,1,24,2,2,200.70833333333334,0.2614524533075634,0
33,2579,214.91666666666666,0.4,1,12,4,2,214.91666666666666,0.13998046026161634,0
57,2225,61.80555555555556,0.4,2,36,4,3,61.80555555555556,0.12076639165649336,0
42,4153,230.72222222222223,0.2,1,18,2,2,230.72222222222223,0.22541250541546828,0
26,3114,173.0,0.1,1,18,1,0,173.0,0.16901867128913273,0
24,2124,118.0,0.4,2,18,4,4,118.0,0.11528441163073792,0
44,1553,86.27777777777777,0.4,1,18,4,1,86.27777777777777,0.08429222752473446,0
23,2406,80.2,0.4,1,30,4,2,80.2,0.13059053407888674,0
43,1333,55.541666666666664,0.4,2,24,4,3,55.541666666666664,0.07235128093398006,0
53,7119,148.3125,0.3,2,48,3,0,148.3125,0.38639817627082074,0
53,4870,202.91666666666666,0.3,2,24,3,3,202.91666666666666,0.264329135895336,0
35,691,57.583333333333336,0.4,2,12,4,4,57.583333333333336,0.03750542770096041,0
26,4370,104.04761904761905,0.3,2,42,3,3,104.04761904761905,0.23719062091634874,0
31,2746,76.27777777777777,0.4,1,36,4,1,76.27777777777777,0.14904472426459808,0
23,4110,171.25,0.3,2,24,3,0,171.25,0.22307859312727538,0
22,2462,136.77777777777777,0.2,1,18,2,2,136.77777777777777,0.1336300477565333,0
20,1282,106.83333333333333,0.2,1,12,2,2,106.83333333333333,0.06958315240612337,0
25,2969,247.41666666666666,0.4,2,12,4,0,247.41666666666666,0.16114850194522642,0
24,4605,95.9375,0.3,2,48,3,0,95.9375,0.24994572295647277,0
46,6331,131.89583333333334,0.4,2,48,4,4,131.89583333333334,0.34362787666393685,0
27,3552,148.0,0.3,1,24,3,1,148.0,0.19279201041072558,0
46,697,58.083333333333336,0.4,2,12,4,1,58.083333333333336,0.037831089880708255,0
23,1442,60.083333333333336,0.4,2,24,4,2,60.083333333333336,0.07826747719939929,0
50,5293,196.03703703703704,0.2,2,27,2,0,196.03703703703704,0.28728831956755924,0
26,3414,162.57142857142858,0.2,2,21,2,3,162.57142857142858,0.18530178027652508,0
20,2039,113.27777777777777,0.1,1,18,1,2,113.27777777777777,0.1106708640843101,0
31,3161,131.70833333333334,0.4,1,24,4,1,131.70833333333334,0.17156969169715752,0
21,902,75.16666666666667,0.4,1,12,4,2,75.16666666666667,0.04895788102209304,0
39,10297,214.52083333333334,0.4,3,48,4,2,214.52083333333334,0.5588905774772639,0
25,14421,300.4375,0.2,1,48,2,0,300.4375,0.7827290490239509,0
30,1056,58.666666666666664,0.3,2,18,3,4,58.666666666666664,0.057316543635621116,0
37,1274,106.16666666666667,0.3,1,12,3,2,106.16666666666667,0.06914893616645956,0
46,1223,101.91666666666667,0.1,2,12,1,2,101.91666666666667,0.06638080763860287,0
36,1372,114.33333333333333,0.2,1,12,2,2,114.33333333333333,0.07446808510234107,0
43,2625,164.0625,0.2,1,16,2,4,164.0625,0.14247720363968316,0
33,2235,111.75,0.4,2,20,4,4,111.75,0.1213091619560731,0
29,959,106.55555555555556,0.1,1,9,1,2,106.55555555555556,0.05205167172969759,0
36,884,49.111111111111114,0.4,1,18,4,4,49.111111111111114,0.04798089448284949,0
23,1246,51.916666666666664,0.4,1,24,4,2,51.916666666666664,0.06762917932763628,0
42,8086,224.61111111111111,0.2,4,36,2,3,224.61111111111111,0.4388840642401821,0
44,10127,210.97916666666666,0.2,1,48,2,4,210.97916666666666,0.5496634823844082,0
41,888,74.0,0.4,1,12,4,2,74.0,0.048198002602681395,0
41,719,59.916666666666664,0.4,1,12,4,2,59.916666666666664,0.039025184539783694,0
37,12389,344.1388888888889,0.1,1,36,1,2,344.1388888888889,0.6724381241493466,0
57,709,59.083333333333336,0.4,1,12,4,2,59.083333333333336,0.038482414240203947,0
34,6850,456.6666666666667,0.1,1,15,1,1,456.6666666666667,0.3717976552121256,0
25,2210,221.0,0.2,1,10,2,2,221.0,0.11995223620712374,0
53,7485,249.5,0.4,1,30,4,1,249.5,0.40626356923543944,0
32,1442,80.11111111111111,0.4,2,18,4,1,80.11111111111111,0.07826747719939929,0
33,797,66.41666666666667,0.4,1,12,4,4,66.41666666666667,0.04325879287650571,0
24,4746,105.46666666666667,0.4,2,45,4,4,105.46666666666667,0.25759878418054716,0
28,939,78.25,0.4,3,12,4,4,78.25,0.05096613113053809,0
39,1188,56.57142857142857,0.2,1,21,2,2,56.57142857142857,0.06448111159007376,0
24,11590,241.45833333333334,0.2,2,48,2,4,241.45833333333334,0.6290707772129249,0
26,609,50.75,0.4,1,12,4,1,50.75,0.033054711244406496,0
55,1190,66.11111111111111,0.2,3,18,2,4,66.11111111111111,0.0645896656499897,0
61,2767,131.76190476190476,0.4,2,21,4,2,131.76190476190476,0.15018454189371555,0
21,3441,114.7,0.2,1,30,2,2,114.7,0.1867672600853904,0
26,4280,142.66666666666666,0.4,2,30,4,0,142.66666666666666,0.23230568822013103,0
22,3092,128.83333333333334,0.3,1,24,3,2,128.83333333333334,0.1678245766300573,0
68,6761,375.6111111111111,0.2,2,18,2,2,375.6111111111111,0.36696699954586587,0
22,1331,110.91666666666667,0.2,1,12,2,2,110.91666666666667,0.07224272687406412,0
58,15945,295.27777777777777,0.3,1,54,3,0,295.27777777777777,0.865447242679904,0
23,3234,134.75,0.4,1,24,4,2,134.75,0.17553191488408967,0
37,802,53.46666666666667,0.4,1,15,4,2,53.46666666666667,0.04353017802629558,0
26,9960,207.5,0.1,1,48,1,2,207.5,0.5405992183814264,0
27,8648,360.3333333333333,0.2,2,24,2,3,360.3333333333333,0.46938775507656383,0
26,1345,74.72222222222223,0.4,1,18,4,2,74.72222222222223,0.07300260529347576,0
23,1845,41.0,0.4,1,45,4,2,41.0,0.10014112027246302,0
40,1647,78.42857142857143,0.4,2,21,4,1,78.42857142857143,0.08939426834078407,0
33,4844,100.91666666666667,0.3,1,48,3,2,100.91666666666667,0.2629179331164287,0
42,8318,308.0740740740741,0.2,2,27,2,0,308.0740740740741,0.45147633519043223,0
37,2100,116.66666666666667,0.4,1,18,4,2,116.66666666666667,0.11398176291174654,0
29,11816,262.5777777777778,0.2,2,45,2,0,262.5777777777778,0.6413373859834272,0
23,448,74.66666666666667,0.4,1,6,4,2,74.66666666666667,0.024316109421172596,0
34,11998,399.93333333333334,0.1,1,30,1,2,399.93333333333334,0.6512158054357785,0
32,18424,383.8333333333333,0.1,1,48,1,0,383.8333333333333,0.999999999945723,0
68,14896,2482.6666666666665,0.1,1,6,1,2,2482.6666666666665,0.8085106382539887,0
25,2762,230.16666666666666,0.1,1,12,1,2,230.16666666666666,0.1499131567439257,0
35,3386,282.1666666666667,0.3,1,12,3,2,282.1666666666667,0.1837820234377018,0
22,2039,84.95833333333333,0.1,1,24,1,2,84.95833333333333,0.1106708640843101,0
28,2169,120.5,0.4,1,18,4,3,120.5,0.11772687797884678,0
30,5096,106.16666666666667,0.2,1,48,2,4,106.16666666666667,0.27659574466583825,0
25,1882,104.55555555555556,0.4,2,18,4,2,104.55555555555556,0.10214937038090809,0
34,6999,145.8125,0.1,2,48,1,2,145.8125,0.3798849326758638,0
42,2292,191.0,0.4,2,12,4,4,191.0,0.12440295266367765,0
45,8978,641.2857142857143,0.1,1,14,1,2,641.2857142857143,0.4872991749626954,0
20,674,56.166666666666664,0.4,1,12,4,2,56.166666666666664,0.03658271819167484,0
23,976,54.22222222222222,0.1,1,18,1,2,54.22222222222222,0.052974381238983154,0
20,2718,113.25,0.3,1,24,3,2,113.25,0.1475249674257748,0
27,750,41.666666666666664,0.4,1,18,4,2,41.666666666666664,0.0407077724684809,0
44,12579,524.125,0.4,1,24,4,2,524.125,0.6827507598413618,0
51,7511,417.27777777777777,0.1,1,18,1,2,417.27777777777777,0.40767477201434676,0
33,3966,220.33333333333334,0.1,3,18,1,4,220.33333333333334,0.21526270081332702,0
28,6199,516.5833333333334,0.4,2,12,4,0,516.5833333333334,0.3364633087094842,0
21,1987,82.79166666666667,0.2,1,24,2,2,82.79166666666667,0.10784845852649541,0
45,2303,95.95833333333333,0.4,1,24,4,2,95.95833333333333,0.12499999999321537,0
30,12680,603.8095238095239,0.4,1,21,4,4,603.8095238095239,0.6882327398671172,0
52,6468,539.0,0.2,1,12,2,2,539.0,0.35106382976817935,0
31,6350,211.66666666666666,0.4,1,30,4,2,211.66666666666666,0.3446591402331383,0
